Weekly U.S. Field Production of Crude Oil (Thousand Barrels per Day),,,,,,,,,,
Year-Month,Week 1,,Week 2,,Week 3,,Week 4,,Week 5,
,End Date,Value,End Date,Value,End Date,Value,End Date,Value,End Date,Value
  1983-Jan,01/07 ,"8,634   ",01/14 ,"8,634   ",01/21 ,"8,634   ",01/28 ,"8,634   ",,   
  1983-Feb,02/04 ,"8,660   ",02/11 ,"8,660   ",02/18 ,"8,660   ",02/25 ,"8,660   ",,   
  1983-Mar,03/04 ,"8,677   ",03/11 ,"8,677   ",03/18 ,"8,677   ",03/25 ,"8,677   ",,   
  1983-Apr,04/01 ,"8,677   ",04/08 ,"8,686   ",04/15 ,"8,686   ",,   ,04/29 ,"8,686   "
  1983-May,,   ,05/13 ,"8,682   ",05/20 ,"8,682   ",,   ,,   
  1983-Jun,06/03 ,"8,676   ",06/10 ,"8,676   ",06/17 ,"8,676   ",06/24 ,"8,676   ",,   
  1983-Jul,07/01 ,"8,676   ",07/08 ,"8,647   ",07/15 ,"8,647   ",07/22 ,"8,647   ",07/29 ,"8,647   "
  1983-Aug,08/05 ,"8,653   ",08/12 ,"8,653   ",08/19 ,"8,653   ",08/26 ,"8,653   ",,   
  1983-Sep,09/02 ,"8,666   ",09/09 ,"8,666   ",09/16 ,"8,666   ",09/23 ,"8,666   ",09/30 ,"8,666   "
  1983-Oct,10/07 ,"8,654   ",10/14 ,"8,654   ",10/21 ,"8,654   ",10/28 ,"8,654   ",,   
  1983-Nov,11/04 ,"8,624   ",11/11 ,"8,624   ",11/18 ,"8,624   ",11/25 ,"8,624   ",,   
  1983-Dec,12/02 ,"8,612   ",12/09 ,"8,612   ",12/16 ,"8,612   ",12/23 ,"8,612   ",12/30 ,"8,612   "
  1984-Jan,01/06 ,"8,659   ",01/13 ,"8,659   ",01/20 ,"8,659   ",01/27 ,"8,659   ",,   
  1984-Feb,02/03 ,"8,726   ",02/10 ,"8,726   ",02/17 ,"8,726   ",02/24 ,"8,726   ",,   
  1984-Mar,03/02 ,"8,718   ",03/09 ,"8,718   ",03/16 ,"8,718   ",03/23 ,"8,718   ",03/30 ,"8,718   "
  1984-Apr,04/06 ,"8,688   ",04/13 ,"8,688   ",04/20 ,"8,688   ",04/27 ,"8,688   ",,   
  1984-May,05/04 ,"8,753   ",05/11 ,"8,753   ",05/18 ,"8,753   ",05/25 ,"8,753   ",,   
  1984-Jun,06/01 ,"8,743   ",06/08 ,"8,743   ",06/15 ,"8,743   ",06/22 ,"8,743   ",06/29 ,"8,743   "
  1984-Jul,07/06 ,"8,769   ",07/13 ,"8,769   ",07/20 ,"8,769   ",07/27 ,"8,769   ",,   
  1984-Aug,08/03 ,"8,781   ",08/10 ,"8,781   ",08/17 ,"8,781   ",08/24 ,"8,781   ",08/31 ,"8,781   "
  1984-Sep,09/07 ,"8,759   ",09/14 ,"8,759   ",09/21 ,"8,759   ",09/28 ,"8,759   ",,   
  1984-Oct,10/05 ,"8,847   ",10/12 ,"8,847   ",10/19 ,"8,847   ",10/26 ,"8,847   ",,   
  1984-Nov,11/02 ,"8,846   ",11/09 ,"8,846   ",11/16 ,"8,846   ",11/23 ,"8,846   ",11/30 ,"8,846   "
  1984-Dec,12/07 ,"8,797   ",12/14 ,"8,797   ",12/21 ,"8,797   ",12/28 ,"8,797   ",,   
  1985-Jan,01/04 ,"8,929   ",01/11 ,"8,929   ",01/18 ,"8,929   ",01/25 ,"8,929   ",,   
  1985-Feb,02/01 ,"8,928   ",02/08 ,"8,928   ",02/15 ,"8,928   ",02/22 ,"8,928   ",,   
  1985-Mar,03/01 ,"8,927   ",03/08 ,"8,927   ",03/15 ,"8,927   ",03/22 ,"8,927   ",03/29 ,"8,927   "
  1985-Apr,04/05 ,"8,842   ",04/12 ,"8,842   ",04/19 ,"8,842   ",04/26 ,"8,842   ",,   
  1985-May,05/03 ,"8,969   ",05/10 ,"8,969   ",05/17 ,"8,969   ",05/24 ,"8,969   ",05/31 ,"8,969   "
  1985-Jun,06/07 ,"8,965   ",06/14 ,"8,965   ",06/21 ,"8,965   ",06/28 ,"8,965   ",,   
  1985-Jul,07/05 ,"8,904   ",07/12 ,"8,904   ",07/19 ,"8,904   ",07/26 ,"8,904   ",,   
  1985-Aug,08/02 ,"8,895   ",08/09 ,"8,895   ",08/16 ,"8,895   ",08/23 ,"8,895   ",08/30 ,"8,895   "
  1985-Sep,09/06 ,"8,874   ",09/13 ,"8,874   ",09/20 ,"8,874   ",09/27 ,"8,874   ",,   
  1985-Oct,10/04 ,"8,943   ",10/11 ,"8,943   ",10/18 ,"8,943   ",10/25 ,"8,943   ",,   
  1985-Nov,11/01 ,"8,932   ",11/08 ,"8,932   ",11/15 ,"8,932   ",11/22 ,"8,932   ",11/29 ,"8,932   "
  1985-Dec,12/06 ,"8,930   ",12/13 ,"8,930   ",12/20 ,"8,930   ",12/27 ,"8,930   ",,   
  1986-Jan,01/03 ,"8,942   ",01/10 ,"8,942   ",01/17 ,"8,942   ",01/24 ,"8,942   ",01/31 ,"8,942   "
  1986-Feb,02/07 ,"8,940   ",02/14 ,"8,940   ",02/21 ,"8,940   ",02/28 ,"8,939   ",,   
  1986-Mar,03/07 ,"8,939   ",03/14 ,"8,939   ",03/21 ,"8,939   ",03/28 ,"8,939   ",,   
  1986-Apr,04/04 ,"8,815   ",04/11 ,"8,815   ",04/18 ,"8,815   ",04/25 ,"8,815   ",,   
  1986-May,05/02 ,"8,805   ",05/09 ,"8,805   ",05/16 ,"8,805   ",05/23 ,"8,805   ",05/30 ,"8,805   "
  1986-Jun,06/06 ,"8,792   ",06/13 ,"8,792   ",06/20 ,"8,792   ",06/27 ,"8,792   ",,   
  1986-Jul,07/04 ,"8,737   ",07/11 ,"8,737   ",07/18 ,"8,737   ",07/25 ,"8,737   ",,   
  1986-Aug,08/01 ,"8,737   ",08/08 ,"8,708   ",08/15 ,"8,708   ",08/22 ,"8,708   ",08/29 ,"8,708   "
  1986-Sep,09/05 ,"8,671   ",09/12 ,"8,671   ",09/19 ,"8,671   ",09/26 ,"8,671   ",,   
  1986-Oct,10/03 ,"8,773   ",10/10 ,"8,773   ",10/17 ,"8,773   ",10/24 ,"8,773   ",10/31 ,"8,773   "
  1986-Nov,11/07 ,"8,321   ",11/14 ,"8,321   ",11/21 ,"8,321   ",11/28 ,"8,321   ",,   
  1986-Dec,12/05 ,"8,348   ",12/12 ,"8,348   ",12/19 ,"8,348   ",12/26 ,"8,348   ",,   
  1987-Jan,01/02 ,"8,353   ",01/09 ,"8,354   ",01/16 ,"8,354   ",01/23 ,"8,354   ",01/30 ,"8,354   "
  1987-Feb,02/06 ,"8,383   ",02/13 ,"8,383   ",02/20 ,"8,383   ",02/27 ,"8,383   ",,   
  1987-Mar,03/06 ,"8,336   ",03/13 ,"8,336   ",03/20 ,"8,336   ",03/27 ,"8,336   ",,   
  1987-Apr,04/03 ,"8,361   ",04/10 ,"8,361   ",04/17 ,"8,361   ",04/24 ,"8,361   ",,   
  1987-May,05/01 ,"8,361   ",05/08 ,"8,296   ",05/15 ,"8,296   ",05/22 ,"8,296   ",05/29 ,"8,296   "
  1987-Jun,06/05 ,"8,303   ",06/12 ,"8,303   ",06/19 ,"8,303   ",06/26 ,"8,303   ",,   
  1987-Jul,07/03 ,"8,287   ",07/10 ,"8,287   ",07/17 ,"8,287   ",07/24 ,"8,287   ",07/31 ,"8,287   "
  1987-Aug,08/07 ,"8,204   ",08/14 ,"8,204   ",08/21 ,"8,204   ",08/28 ,"8,204   ",,   
  1987-Sep,09/04 ,"8,162   ",09/11 ,"8,162   ",09/18 ,"8,162   ",09/25 ,"8,162   ",,   
  1987-Oct,10/02 ,"8,281   ",10/09 ,"8,281   ",10/16 ,"8,281   ",10/23 ,"8,281   ",10/30 ,"8,281   "
  1987-Nov,11/06 ,"8,283   ",11/13 ,"8,283   ",11/20 ,"8,283   ",11/27 ,"8,283   ",,   
  1987-Dec,12/04 ,"8,348   ",12/11 ,"8,348   ",12/18 ,"8,348   ",12/25 ,"8,348   ",,   
  1988-Jan,01/01 ,"8,348   ",01/08 ,"8,395   ",01/15 ,"8,395   ",01/22 ,"8,395   ",01/29 ,"8,395   "
  1988-Feb,02/05 ,"8,353   ",02/12 ,"8,353   ",02/19 ,"8,353   ",02/26 ,"8,353   ",,   
  1988-Mar,03/04 ,"8,306   ",03/11 ,"8,306   ",03/18 ,"8,306   ",03/25 ,"8,306   ",,   
  1988-Apr,04/01 ,"8,306   ",04/08 ,"8,269   ",04/15 ,"8,269   ",04/22 ,"8,269   ",04/29 ,"8,269   "
  1988-May,05/06 ,"8,240   ",05/13 ,"8,240   ",05/20 ,"8,240   ",05/27 ,"8,240   ",,   
  1988-Jun,06/03 ,"8,210   ",06/10 ,"8,210   ",06/17 ,"8,210   ",06/24 ,"8,210   ",,   
  1988-Jul,07/01 ,"8,210   ",07/08 ,"8,189   ",07/15 ,"8,189   ",07/22 ,"8,189   ",07/29 ,"8,189   "
  1988-Aug,08/05 ,"8,128   ",08/12 ,"8,128   ",08/19 ,"8,128   ",08/26 ,"8,128   ",,   
  1988-Sep,09/02 ,"8,147   ",09/09 ,"8,147   ",09/16 ,"8,147   ",09/23 ,"8,147   ",09/30 ,"8,147   "
  1988-Oct,10/07 ,"8,085   ",10/14 ,"8,085   ",10/21 ,"8,085   ",10/28 ,"8,085   ",,   
  1988-Nov,11/04 ,"8,026   ",11/11 ,"8,026   ",11/18 ,"8,026   ",11/25 ,"8,026   ",,   
  1988-Dec,12/02 ,"8,035   ",12/09 ,"8,035   ",12/16 ,"8,035   ",12/23 ,"8,035   ",12/30 ,"8,035   "
  1989-Jan,01/06 ,"8,021   ",01/13 ,"8,021   ",01/20 ,"8,021   ",01/27 ,"8,021   ",,   
  1989-Feb,02/03 ,"7,965   ",02/10 ,"7,965   ",02/17 ,"7,965   ",02/24 ,"7,965   ",,   
  1989-Mar,03/03 ,"7,921   ",03/10 ,"7,921   ",03/17 ,"7,921   ",03/24 ,"7,921   ",03/31 ,"7,921   "
  1989-Apr,04/07 ,"7,880   ",04/14 ,"7,880   ",04/21 ,"7,880   ",04/28 ,"7,880   ",,   
  1989-May,05/05 ,"7,843   ",05/12 ,"7,843   ",05/19 ,"7,843   ",05/26 ,"7,843   ",,   
  1989-Jun,06/02 ,"7,726   ",06/09 ,"7,726   ",06/16 ,"7,726   ",06/23 ,"7,726   ",06/30 ,"7,726   "
  1989-Jul,07/07 ,"7,622   ",07/14 ,"7,622   ",07/21 ,"7,622   ",07/28 ,"7,622   ",,   
  1989-Aug,08/04 ,"7,662   ",08/11 ,"7,662   ",08/18 ,"7,662   ",08/25 ,"7,662   ",,   
  1989-Sep,09/01 ,"7,662   ",09/08 ,"7,641   ",09/15 ,"7,641   ",09/22 ,"7,641   ",09/29 ,"7,641   "
  1989-Oct,10/06 ,"7,644   ",10/13 ,"7,644   ",10/20 ,"7,644   ",10/27 ,"7,644   ",,   
  1989-Nov,11/03 ,"7,601   ",11/10 ,"7,601   ",11/17 ,"7,601   ",11/24 ,"7,601   ",,   
  1989-Dec,12/01 ,"7,601   ",12/08 ,"7,565   ",12/15 ,"7,565   ",12/22 ,"7,565   ",12/29 ,"7,565   "
  1990-Jan,01/05 ,"7,512   ",01/12 ,"7,512   ",01/19 ,"7,512   ",01/26 ,"7,512   ",,   
  1990-Feb,02/02 ,"7,399   ",02/09 ,"7,399   ",02/16 ,"7,399   ",02/23 ,"7,399   ",,   
  1990-Mar,03/02 ,"7,411   ",03/09 ,"7,411   ",03/16 ,"7,411   ",03/23 ,"7,411   ",03/30 ,"7,411   "
  1990-Apr,04/06 ,"7,310   ",04/13 ,"7,310   ",04/20 ,"7,310   ",04/27 ,"7,310   ",,   
  1990-May,05/04 ,"7,241   ",05/11 ,"7,241   ",05/18 ,"7,241   ",05/25 ,"7,241   ",,   
  1990-Jun,06/01 ,"7,241   ",06/08 ,"6,981   ",06/15 ,"6,981   ",06/22 ,"6,981   ",06/29 ,"6,981   "
  1990-Jul,07/06 ,"7,130   ",07/13 ,"7,130   ",07/20 ,"7,130   ",07/27 ,"7,130   ",,   
  1990-Aug,08/03 ,"6,971   ",08/10 ,"6,971   ",08/17 ,"6,971   ",08/24 ,"6,971   ",08/31 ,"6,971   "
  1990-Sep,09/07 ,"6,991   ",09/14 ,"6,991   ",09/21 ,"7,041   ",09/28 ,"7,041   ",,   
  1990-Oct,10/05 ,"7,261   ",10/12 ,"7,261   ",10/19 ,"7,261   ",10/26 ,"7,329   ",,   
  1990-Nov,11/02 ,"7,342   ",11/09 ,"7,284   ",11/16 ,"6,910   ",11/23 ,"7,440   ",11/30 ,"7,235   "
  1990-Dec,12/07 ,"6,996   ",12/14 ,"7,474   ",12/21 ,"7,245   ",12/28 ,"7,559   ",,   
  1991-Jan,01/04 ,"7,481   ",01/11 ,"7,475   ",01/18 ,"7,461   ",01/25 ,"7,219   ",,   
  1991-Feb,02/01 ,"7,477   ",02/08 ,"7,463   ",02/15 ,"7,427   ",02/22 ,"7,415   ",,   
  1991-Mar,03/01 ,"7,404   ",03/08 ,"7,394   ",03/15 ,"7,412   ",03/22 ,"7,385   ",03/29 ,"7,383   "
  1991-Apr,04/05 ,"7,356   ",04/12 ,"7,334   ",04/19 ,"7,370   ",04/26 ,"7,346   ",,   
  1991-May,05/03 ,"7,295   ",05/10 ,"7,303   ",05/17 ,"7,280   ",05/24 ,"7,336   ",05/31 ,"7,323   "
  1991-Jun,06/07 ,"7,301   ",06/14 ,"7,359   ",06/21 ,"7,338   ",06/28 ,"7,377   ",,   
  1991-Jul,07/05 ,"7,383   ",07/12 ,"7,365   ",07/19 ,"7,348   ",07/26 ,"7,355   ",,   
  1991-Aug,08/02 ,"7,342   ",08/09 ,"7,228   ",08/16 ,"7,302   ",08/23 ,"7,215   ",08/30 ,"7,274   "
  1991-Sep,09/06 ,"7,150   ",09/13 ,"7,267   ",09/20 ,"7,327   ",09/27 ,"7,365   ",,   
  1991-Oct,10/04 ,"7,381   ",10/11 ,"7,387   ",10/18 ,"7,381   ",10/25 ,"7,384   ",,   
  1991-Nov,11/01 ,"7,359   ",11/08 ,"7,140   ",11/15 ,"7,426   ",11/22 ,"7,388   ",11/29 ,"7,226   "
  1991-Dec,12/06 ,"7,376   ",12/13 ,"6,731   ",12/20 ,"7,451   ",12/27 ,"7,449   ",,   
  1992-Jan,01/03 ,"7,422   ",01/10 ,"7,410   ",01/17 ,"7,235   ",01/24 ,"7,343   ",01/31 ,"7,357   "
  1992-Feb,02/07 ,"7,382   ",02/14 ,"7,364   ",02/21 ,"7,329   ",02/28 ,"7,365   ",,   
  1992-Mar,03/06 ,"7,357   ",03/13 ,"7,345   ",03/20 ,"7,324   ",03/27 ,"7,283   ",,   
  1992-Apr,04/03 ,"7,327   ",04/10 ,"7,277   ",04/17 ,"7,353   ",04/24 ,"7,238   ",,   
  1992-May,05/01 ,"7,235   ",05/08 ,"7,248   ",05/15 ,"7,160   ",05/22 ,"7,205   ",05/29 ,"7,219   "
  1992-Jun,06/05 ,"7,240   ",06/12 ,"7,228   ",06/19 ,"7,218   ",06/26 ,"7,194   ",,   
  1992-Jul,07/03 ,"7,221   ",07/10 ,"7,125   ",07/17 ,"7,144   ",07/24 ,"7,095   ",07/31 ,"7,059   "
  1992-Aug,08/07 ,"7,124   ",08/14 ,"6,990   ",08/21 ,"7,120   ",08/28 ,"6,678   ",,   
  1992-Sep,09/04 ,"6,847   ",09/11 ,"6,955   ",09/18 ,"7,012   ",09/25 ,"7,049   ",,   
  1992-Oct,10/02 ,"7,046   ",10/09 ,"7,011   ",10/16 ,"7,032   ",10/23 ,"7,036   ",10/30 ,"7,041   "
  1992-Nov,11/06 ,"7,011   ",11/13 ,"6,954   ",11/20 ,"6,987   ",11/27 ,"7,064   ",,   
  1992-Dec,12/04 ,"7,074   ",12/11 ,"7,087   ",12/18 ,"7,098   ",12/25 ,"7,053   ",,   
  1993-Jan,01/01 ,"6,995   ",01/08 ,"7,015   ",01/15 ,"6,994   ",01/22 ,"7,043   ",01/29 ,"7,035   "
  1993-Feb,02/05 ,"7,031   ",02/12 ,"7,033   ",02/19 ,"6,960   ",02/26 ,"6,981   ",,   
  1993-Mar,03/05 ,"7,018   ",03/12 ,"6,981   ",03/19 ,"6,979   ",03/26 ,"6,964   ",,   
  1993-Apr,04/02 ,"6,971   ",04/09 ,"6,883   ",04/16 ,"6,896   ",04/23 ,"6,912   ",04/30 ,"6,913   "
  1993-May,05/07 ,"6,902   ",05/14 ,"6,846   ",05/21 ,"6,818   ",05/28 ,"6,842   ",,   
  1993-Jun,06/04 ,"6,789   ",06/11 ,"6,817   ",06/18 ,"6,766   ",06/25 ,"6,749   ",,   
  1993-Jul,07/02 ,"6,742   ",07/09 ,"6,772   ",07/16 ,"6,643   ",07/23 ,"6,540   ",07/30 ,"6,730   "
  1993-Aug,08/06 ,"6,753   ",08/13 ,"6,761   ",08/20 ,"6,774   ",08/27 ,"6,790   ",,   
  1993-Sep,09/03 ,"6,734   ",09/10 ,"6,665   ",09/17 ,"6,706   ",09/24 ,"6,650   ",,   
  1993-Oct,10/01 ,"6,684   ",10/08 ,"6,654   ",10/15 ,"6,772   ",10/22 ,"6,837   ",10/29 ,"6,868   "
  1993-Nov,11/05 ,"6,872   ",11/12 ,"6,882   ",11/19 ,"6,847   ",11/26 ,"6,878   ",,   
  1993-Dec,12/03 ,"6,943   ",12/10 ,"6,923   ",12/17 ,"6,897   ",12/24 ,"6,854   ",12/31 ,"6,857   "
  1994-Jan,01/07 ,"6,875   ",01/14 ,"6,880   ",01/21 ,"6,845   ",01/28 ,"6,886   ",,   
  1994-Feb,02/04 ,"6,836   ",02/11 ,"6,802   ",02/18 ,"6,546   ",02/25 ,"6,792   ",,   
  1994-Mar,03/04 ,"6,763   ",03/11 ,"6,704   ",03/18 ,"6,728   ",03/25 ,"6,599   ",,   
  1994-Apr,04/01 ,"6,683   ",04/08 ,"6,641   ",04/15 ,"6,711   ",04/22 ,"6,292   ",04/29 ,"6,748   "
  1994-May,05/06 ,"6,706   ",05/13 ,"6,657   ",05/20 ,"6,732   ",05/27 ,"6,629   ",,   
  1994-Jun,06/03 ,"6,695   ",06/10 ,"6,530   ",06/17 ,"6,648   ",06/24 ,"6,656   ",,   
  1994-Jul,07/01 ,"6,604   ",07/08 ,"6,591   ",07/15 ,"6,618   ",07/22 ,"6,522   ",07/29 ,"6,566   "
  1994-Aug,08/05 ,"6,582   ",08/12 ,"6,521   ",08/19 ,"6,540   ",08/26 ,"6,583   ",,   
  1994-Sep,09/02 ,"6,552   ",09/09 ,"6,545   ",09/16 ,"6,526   ",09/23 ,"6,595   ",09/30 ,"6,640   "
  1994-Oct,10/07 ,"6,692   ",10/14 ,"6,703   ",10/21 ,"6,703   ",10/28 ,"6,633   ",,   
  1994-Nov,11/04 ,"6,620   ",11/11 ,"6,616   ",11/18 ,"6,668   ",11/25 ,"6,626   ",,   
  1994-Dec,12/02 ,"6,472   ",12/09 ,"6,670   ",12/16 ,"6,655   ",12/23 ,"6,703   ",12/30 ,"6,675   "
  1995-Jan,01/06 ,"6,651   ",01/13 ,"6,672   ",01/20 ,"6,571   ",01/27 ,"6,526   ",,   
  1995-Feb,02/03 ,"6,662   ",02/10 ,"6,595   ",02/17 ,"6,613   ",02/24 ,"6,546   ",,   
  1995-Mar,03/03 ,"6,660   ",03/10 ,"6,598   ",03/17 ,"6,632   ",03/24 ,"6,474   ",03/31 ,"6,380   "
  1995-Apr,04/07 ,"6,554   ",04/14 ,"6,597   ",04/21 ,"6,603   ",04/28 ,"6,539   ",,   
  1995-May,05/05 ,"6,604   ",05/12 ,"6,610   ",05/19 ,"6,598   ",05/26 ,"6,626   ",,   
  1995-Jun,06/02 ,"6,592   ",06/09 ,"6,593   ",06/16 ,"6,560   ",06/23 ,"6,529   ",06/30 ,"6,545   "
  1995-Jul,07/07 ,"6,518   ",07/14 ,"6,448   ",07/21 ,"6,417   ",07/28 ,"6,484   ",,   
  1995-Aug,08/04 ,"6,444   ",08/11 ,"6,476   ",08/18 ,"6,475   ",08/25 ,"6,483   ",,   
  1995-Sep,09/01 ,"6,507   ",09/08 ,"6,491   ",09/15 ,"6,248   ",09/22 ,"6,414   ",09/29 ,"6,450   "
  1995-Oct,10/06 ,"6,215   ",10/13 ,"6,404   ",10/20 ,"6,497   ",10/27 ,"6,512   ",,   
  1995-Nov,11/03 ,"6,539   ",11/10 ,"6,516   ",11/17 ,"6,493   ",11/24 ,"6,484   ",,   
  1995-Dec,12/01 ,"6,450   ",12/08 ,"6,428   ",12/15 ,"6,411   ",12/22 ,"6,467   ",12/29 ,"6,474   "
  1996-Jan,01/05 ,"6,464   ",01/12 ,"6,498   ",01/19 ,"6,516   ",01/26 ,"6,405   ",,   
  1996-Feb,02/02 ,"6,413   ",02/09 ,"6,505   ",02/16 ,"6,511   ",02/23 ,"6,501   ",,   
  1996-Mar,03/01 ,"6,496   ",03/08 ,"6,461   ",03/15 ,"6,490   ",03/22 ,"6,473   ",03/29 ,"6,440   "
  1996-Apr,04/05 ,"6,441   ",04/12 ,"6,390   ",04/19 ,"6,425   ",04/26 ,"6,173   ",,   
  1996-May,05/03 ,"6,454   ",05/10 ,"6,065   ",05/17 ,"6,363   ",05/24 ,"6,412   ",05/31 ,"6,392   "
  1996-Jun,06/07 ,"6,421   ",06/14 ,"6,515   ",06/21 ,"6,452   ",06/28 ,"6,489   ",,   
  1996-Jul,07/05 ,"6,499   ",07/12 ,"6,499   ",07/19 ,"6,345   ",07/26 ,"6,394   ",,   
  1996-Aug,08/02 ,"6,297   ",08/09 ,"6,286   ",08/16 ,"6,445   ",08/23 ,"6,481   ",08/30 ,"6,526   "
  1996-Sep,09/06 ,"6,497   ",09/13 ,"6,498   ",09/20 ,"6,467   ",09/27 ,"6,520   ",,   
  1996-Oct,10/04 ,"6,485   ",10/11 ,"6,485   ",10/18 ,"6,523   ",10/25 ,"6,514   ",,   
  1996-Nov,11/01 ,"6,513   ",11/08 ,"6,541   ",11/15 ,"6,531   ",11/22 ,"6,512   ",11/29 ,"6,538   "
  1996-Dec,12/06 ,"6,534   ",12/13 ,"6,518   ",12/20 ,"6,523   ",12/27 ,"6,506   ",,   
  1997-Jan,01/03 ,"6,454   ",01/10 ,"6,499   ",01/17 ,"6,476   ",01/24 ,"6,513   ",01/31 ,"6,505   "
  1997-Feb,02/07 ,"6,483   ",02/14 ,"6,502   ",02/21 ,"6,496   ",02/28 ,"6,501   ",,   
  1997-Mar,03/07 ,"6,440   ",03/14 ,"6,449   ",03/21 ,"6,391   ",03/28 ,"6,409   ",,   
  1997-Apr,04/04 ,"6,493   ",04/11 ,"6,433   ",04/18 ,"6,412   ",04/25 ,"6,465   ",,   
  1997-May,05/02 ,"6,409   ",05/09 ,"6,430   ",05/16 ,"6,426   ",05/23 ,"6,423   ",05/30 ,"6,439   "
  1997-Jun,06/06 ,"6,435   ",06/13 ,"6,415   ",06/20 ,"6,334   ",06/27 ,"6,357   ",,   
  1997-Jul,07/04 ,"6,338   ",07/11 ,"6,351   ",07/18 ,"6,352   ",07/25 ,"6,337   ",,   
  1997-Aug,08/01 ,"6,360   ",08/08 ,"6,127   ",08/15 ,"6,221   ",08/22 ,"6,387   ",08/29 ,"6,400   "
  1997-Sep,09/05 ,"6,362   ",09/12 ,"6,393   ",09/19 ,"6,366   ",09/26 ,"6,396   ",,   
  1997-Oct,10/03 ,"6,375   ",10/10 ,"6,371   ",10/17 ,"6,408   ",10/24 ,"6,407   ",10/31 ,"6,400   "
  1997-Nov,11/07 ,"6,418   ",11/14 ,"6,385   ",11/21 ,"6,390   ",11/28 ,"6,416   ",,   
  1997-Dec,12/05 ,"6,448   ",12/12 ,"6,440   ",12/19 ,"6,463   ",12/26 ,"6,462   ",,   
  1998-Jan,01/02 ,"6,459   ",01/09 ,"6,430   ",01/16 ,"6,376   ",01/23 ,"6,359   ",01/30 ,"6,377   "
  1998-Feb,02/06 ,"6,412   ",02/13 ,"6,424   ",02/20 ,"6,415   ",02/27 ,"6,368   ",,   
  1998-Mar,03/06 ,"6,440   ",03/13 ,"6,420   ",03/20 ,"6,336   ",03/27 ,"6,405   ",,   
  1998-Apr,04/03 ,"6,443   ",04/10 ,"6,407   ",04/17 ,"6,417   ",04/24 ,"6,397   ",,   
  1998-May,05/01 ,"6,422   ",05/08 ,"6,422   ",05/15 ,"6,378   ",05/22 ,"6,368   ",05/29 ,"6,346   "
  1998-Jun,06/05 ,"6,333   ",06/12 ,"6,372   ",06/19 ,"6,383   ",06/26 ,"6,269   ",,   
  1998-Jul,07/03 ,"6,311   ",07/10 ,"6,354   ",07/17 ,"6,351   ",07/24 ,"6,354   ",07/31 ,"6,340   "
  1998-Aug,08/07 ,"6,336   ",08/14 ,"6,319   ",08/21 ,"6,315   ",08/28 ,"6,346   ",,   
  1998-Sep,09/04 ,"6,349   ",09/11 ,"6,366   ",09/18 ,"6,411   ",09/25 ,"6,396   ",,   
  1998-Oct,10/02 ,"5,950   ",10/09 ,"6,368   ",10/16 ,"6,418   ",10/23 ,"6,442   ",10/30 ,"6,417   "
  1998-Nov,11/06 ,"6,398   ",11/13 ,"6,401   ",11/20 ,"6,399   ",11/27 ,"6,401   ",,   
  1998-Dec,12/04 ,"6,390   ",12/11 ,"6,390   ",12/18 ,"6,449   ",12/25 ,"6,437   ",,   
  1999-Jan,01/01 ,"6,342   ",01/08 ,"6,393   ",01/15 ,"6,373   ",01/22 ,"6,352   ",01/29 ,"6,363   "
  1999-Feb,02/05 ,"6,369   ",02/12 ,"6,052   ",02/19 ,"5,899   ",02/26 ,"5,911   ",,   
  1999-Mar,03/05 ,"5,920   ",03/12 ,"5,895   ",03/19 ,"5,894   ",03/26 ,"5,864   ",,   
  1999-Apr,04/02 ,"5,879   ",04/09 ,"5,740   ",04/16 ,"5,849   ",04/23 ,"5,707   ",04/30 ,"5,877   "
  1999-May,05/07 ,"5,835   ",05/14 ,"5,804   ",05/21 ,"5,857   ",05/28 ,"5,845   ",,   
  1999-Jun,06/04 ,"5,864   ",06/11 ,"5,868   ",06/18 ,"5,926   ",06/25 ,"5,884   ",,   
  1999-Jul,07/02 ,"5,662   ",07/09 ,"5,808   ",07/16 ,"5,952   ",07/23 ,"5,927   ",07/30 ,"5,898   "
  1999-Aug,08/06 ,"5,925   ",08/13 ,"5,950   ",08/20 ,"5,970   ",08/27 ,"5,994   ",,   
  1999-Sep,09/03 ,"6,014   ",09/10 ,"5,917   ",09/17 ,"5,692   ",09/24 ,"5,973   ",,   
  1999-Oct,10/01 ,"6,032   ",10/08 ,"6,082   ",10/15 ,"6,090   ",10/22 ,"6,101   ",10/29 ,"6,111   "
  1999-Nov,11/05 ,"6,134   ",11/12 ,"6,128   ",11/19 ,"6,059   ",11/26 ,"6,006   ",,   
  1999-Dec,12/03 ,"6,087   ",12/10 ,"6,057   ",12/17 ,"6,043   ",12/24 ,"6,058   ",12/31 ,"6,043   "
  2000-Jan,01/07 ,"6,000   ",01/14 ,"6,019   ",01/21 ,"6,013   ",01/28 ,"5,988   ",,   
  2000-Feb,02/04 ,"6,011   ",02/11 ,"5,994   ",02/18 ,"5,989   ",02/25 ,"6,007   ",,   
  2000-Mar,03/03 ,"5,974   ",03/10 ,"5,857   ",03/17 ,"5,859   ",03/24 ,"5,863   ",03/31 ,"5,873   "
  2000-Apr,04/07 ,"5,820   ",04/14 ,"5,840   ",04/21 ,"5,836   ",04/28 ,"5,838   ",,   
  2000-May,05/05 ,"5,798   ",05/12 ,"5,757   ",05/19 ,"5,793   ",05/26 ,"5,784   ",,   
  2000-Jun,06/02 ,"5,704   ",06/09 ,"5,804   ",06/16 ,"5,791   ",06/23 ,"5,726   ",06/30 ,"5,732   "
  2000-Jul,07/07 ,"5,766   ",07/14 ,"5,788   ",07/21 ,"5,769   ",07/28 ,"5,764   ",,   
  2000-Aug,08/04 ,"5,778   ",08/11 ,"5,745   ",08/18 ,"5,773   ",08/25 ,"5,782   ",,   
  2000-Sep,09/01 ,"5,783   ",09/08 ,"5,802   ",09/15 ,"5,803   ",09/22 ,"5,680   ",09/29 ,"5,862   "
  2000-Oct,10/06 ,"5,867   ",10/13 ,"5,864   ",10/20 ,"5,880   ",10/27 ,"5,894   ",,   
  2000-Nov,11/03 ,"5,903   ",11/10 ,"5,889   ",11/17 ,"5,854   ",11/24 ,"5,883   ",,   
  2000-Dec,12/01 ,"5,925   ",12/08 ,"5,903   ",12/15 ,"5,897   ",12/22 ,"5,875   ",12/29 ,"5,903   "
  2001-Jan,01/05 ,"5,944   ",01/12 ,"5,949   ",01/19 ,"5,912   ",01/26 ,"5,935   ",,   
  2001-Feb,02/02 ,"5,929   ",02/09 ,"5,866   ",02/16 ,"5,857   ",02/23 ,"5,875   ",,   
  2001-Mar,03/02 ,"5,876   ",03/09 ,"5,868   ",03/16 ,"5,883   ",03/23 ,"5,868   ",03/30 ,"5,883   "
  2001-Apr,04/06 ,"5,867   ",04/13 ,"5,855   ",04/20 ,"5,861   ",04/27 ,"5,884   ",,   
  2001-May,05/04 ,"5,831   ",05/11 ,"5,780   ",05/18 ,"5,785   ",05/25 ,"5,819   ",,   
  2001-Jun,06/01 ,"5,823   ",06/08 ,"5,746   ",06/15 ,"5,726   ",06/22 ,"5,740   ",06/29 ,"5,756   "
  2001-Jul,07/06 ,"5,756   ",07/13 ,"5,770   ",07/20 ,"5,731   ",07/27 ,"5,705   ",,   
  2001-Aug,08/03 ,"5,745   ",08/10 ,"5,773   ",08/17 ,"5,785   ",08/24 ,"5,796   ",08/31 ,"5,751   "
  2001-Sep,09/07 ,"5,829   ",09/14 ,"5,814   ",09/21 ,"5,789   ",09/28 ,"5,735   ",,   
  2001-Oct,10/05 ,"5,736   ",10/12 ,"5,515   ",10/19 ,"5,828   ",10/26 ,"5,879   ",,   
  2001-Nov,11/02 ,"5,859   ",11/09 ,"5,863   ",11/16 ,"5,872   ",11/23 ,"5,882   ",11/30 ,"5,873   "
  2001-Dec,12/07 ,"5,856   ",12/14 ,"5,884   ",12/21 ,"5,911   ",12/28 ,"5,902   ",,   
  2002-Jan,01/04 ,"5,922   ",01/11 ,"5,922   ",01/18 ,"5,911   ",01/25 ,"5,909   ",,   
  2002-Feb,02/01 ,"5,916   ",02/08 ,"5,952   ",02/15 ,"5,927   ",02/22 ,"5,956   ",,   
  2002-Mar,03/01 ,"5,966   ",03/08 ,"5,947   ",03/15 ,"5,975   ",03/22 ,"5,948   ",03/29 ,"5,956   "
  2002-Apr,04/05 ,"5,916   ",04/12 ,"5,922   ",04/19 ,"5,896   ",04/26 ,"5,865   ",,   
  2002-May,05/03 ,"5,879   ",05/10 ,"5,889   ",05/17 ,"5,894   ",05/24 ,"5,890   ",05/31 ,"5,896   "
  2002-Jun,06/07 ,"5,897   ",06/14 ,"5,910   ",06/21 ,"5,939   ",06/28 ,"5,917   ",,   
  2002-Jul,07/05 ,"5,898   ",07/12 ,"5,885   ",07/19 ,"5,839   ",07/26 ,"5,844   ",,   
  2002-Aug,08/02 ,"5,604   ",08/09 ,"5,858   ",08/16 ,"5,907   ",08/23 ,"5,918   ",08/30 ,"5,883   "
  2002-Sep,09/06 ,"5,773   ",09/13 ,"5,716   ",09/20 ,"5,736   ",09/27 ,"5,190   ",,   
  2002-Oct,10/04 ,"4,803   ",10/11 ,"5,490   ",10/18 ,"5,721   ",10/25 ,"5,714   ",,   
  2002-Nov,11/01 ,"5,711   ",11/08 ,"5,349   ",11/15 ,"5,738   ",11/22 ,"5,754   ",11/29 ,"5,740   "
  2002-Dec,12/06 ,"5,763   ",12/13 ,"5,752   ",12/20 ,"5,758   ",12/27 ,"5,749   ",,   
  2003-Jan,01/03 ,"5,752   ",01/10 ,"5,728   ",01/17 ,"5,702   ",01/24 ,"5,739   ",01/31 ,"5,764   "
  2003-Feb,02/07 ,"5,899   ",02/14 ,"5,906   ",02/21 ,"5,898   ",02/28 ,"5,901   ",,   
  2003-Mar,03/07 ,"5,872   ",03/14 ,"5,886   ",03/21 ,"5,906   ",03/28 ,"5,906   ",,   
  2003-Apr,04/04 ,"5,866   ",04/11 ,"5,801   ",04/18 ,"5,772   ",04/25 ,"5,766   ",,   
  2003-May,05/02 ,"5,829   ",05/09 ,"5,855   ",05/16 ,"5,807   ",05/23 ,"5,813   ",05/30 ,"5,837   "
  2003-Jun,06/06 ,"5,803   ",06/13 ,"5,860   ",06/20 ,"5,900   ",06/27 ,"5,867   ",,   
  2003-Jul,07/04 ,"5,815   ",07/11 ,"5,770   ",07/18 ,"5,777   ",07/25 ,"5,699   ",,   
  2003-Aug,08/01 ,"5,738   ",08/08 ,"5,747   ",08/15 ,"5,750   ",08/22 ,"5,736   ",08/29 ,"5,723   "
  2003-Sep,09/05 ,"5,727   ",09/12 ,"5,703   ",09/19 ,"5,739   ",09/26 ,"5,734   ",,   
  2003-Oct,10/03 ,"5,678   ",10/10 ,"5,559   ",10/17 ,"5,605   ",10/24 ,"5,614   ",10/31 ,"5,550   "
  2003-Nov,11/07 ,"5,596   ",11/14 ,"5,692   ",11/21 ,"5,683   ",11/28 ,"5,709   ",,   
  2003-Dec,12/05 ,"5,597   ",12/12 ,"5,592   ",12/19 ,"5,663   ",12/26 ,"5,658   ",,   
  2004-Jan,01/02 ,"5,664   ",01/09 ,"5,705   ",01/16 ,"5,717   ",01/23 ,"5,709   ",01/30 ,"5,710   "
  2004-Feb,02/06 ,"5,703   ",02/13 ,"5,658   ",02/20 ,"5,622   ",02/27 ,"5,661   ",,   
  2004-Mar,03/05 ,"5,675   ",03/12 ,"5,658   ",03/19 ,"5,657   ",03/26 ,"5,658   ",,   
  2004-Apr,04/02 ,"5,661   ",04/09 ,"5,611   ",04/16 ,"5,588   ",04/23 ,"5,618   ",04/30 ,"5,624   "
  2004-May,05/07 ,"5,626   ",05/14 ,"5,611   ",05/21 ,"5,608   ",05/28 ,"5,460   ",,   
  2004-Jun,06/04 ,"5,452   ",06/11 ,"5,411   ",06/18 ,"5,434   ",06/25 ,"5,394   ",,   
  2004-Jul,07/02 ,"5,404   ",07/09 ,"5,485   ",07/16 ,"5,334   ",07/23 ,"5,446   ",07/30 ,"5,367   "
  2004-Aug,08/06 ,"5,414   ",08/13 ,"5,243   ",08/20 ,"5,113   ",08/27 ,"5,401   ",,   
  2004-Sep,09/03 ,"5,360   ",09/10 ,"5,337   ",09/17 ,"5,087   ",09/24 ,"4,946   ",,   
  2004-Oct,10/01 ,"4,656   ",10/08 ,"5,033   ",10/15 ,"5,090   ",10/22 ,"5,110   ",10/29 ,"5,176   "
  2004-Nov,11/05 ,"5,319   ",11/12 ,"5,391   ",11/19 ,"5,395   ",11/26 ,"5,408   ",,   
  2004-Dec,12/03 ,"5,396   ",12/10 ,"5,439   ",12/17 ,"5,461   ",12/24 ,"5,421   ",12/31 ,"5,430   "
  2005-Jan,01/07 ,"5,430   ",01/14 ,"5,417   ",01/21 ,"5,456   ",01/28 ,"5,437   ",,   
  2005-Feb,02/04 ,"5,421   ",02/11 ,"5,427   ",02/18 ,"5,436   ",02/25 ,"5,492   ",,   
  2005-Mar,03/04 ,"5,489   ",03/11 ,"5,504   ",03/18 ,"5,480   ",03/25 ,"5,496   ",,   
  2005-Apr,04/01 ,"5,504   ",04/08 ,"5,428   ",04/15 ,"5,441   ",04/22 ,"5,415   ",04/29 ,"5,423   "
  2005-May,05/06 ,"5,510   ",05/13 ,"5,521   ",05/20 ,"5,539   ",05/27 ,"5,537   ",,   
  2005-Jun,06/03 ,"5,515   ",06/10 ,"5,542   ",06/17 ,"5,541   ",06/24 ,"5,359   ",,   
  2005-Jul,07/01 ,"5,498   ",07/08 ,"5,463   ",07/15 ,"4,758   ",07/22 ,"5,448   ",07/29 ,"5,149   "
  2005-Aug,08/05 ,"5,417   ",08/12 ,"5,359   ",08/19 ,"5,395   ",08/26 ,"5,427   ",,   
  2005-Sep,09/02 ,"4,360   ",09/09 ,"4,268   ",09/16 ,"4,500   ",09/23 ,"4,348   ",09/30 ,"3,813   "
  2005-Oct,10/07 ,"3,901   ",10/14 ,"4,147   ",10/21 ,"4,108   ",10/28 ,"4,068   ",,   
  2005-Nov,11/04 ,"4,306   ",11/11 ,"4,583   ",11/18 ,"4,579   ",11/25 ,"4,765   ",,   
  2005-Dec,12/02 ,"5,021   ",12/09 ,"4,933   ",12/16 ,"4,890   ",12/23 ,"4,891   ",12/30 ,"4,864   "
  2006-Jan,01/06 ,"5,023   ",01/13 ,"5,110   ",01/20 ,"5,119   ",01/27 ,"4,862   ",,   
  2006-Feb,02/03 ,"4,903   ",02/10 ,"5,003   ",02/17 ,"4,997   ",02/24 ,"4,985   ",,   
  2006-Mar,03/03 ,"5,054   ",03/10 ,"5,154   ",03/17 ,"5,027   ",03/24 ,"5,016   ",03/31 ,"5,024   "
  2006-Apr,04/07 ,"5,053   ",04/14 ,"5,125   ",04/21 ,"5,127   ",04/28 ,"5,122   ",,   
  2006-May,05/05 ,"5,128   ",05/12 ,"5,069   ",05/19 ,"5,093   ",05/26 ,"5,088   ",,   
  2006-Jun,06/02 ,"5,097   ",06/09 ,"5,211   ",06/16 ,"5,198   ",06/23 ,"5,162   ",06/30 ,"5,129   "
  2006-Jul,07/07 ,"5,275   ",07/14 ,"5,265   ",07/21 ,"5,141   ",07/28 ,"4,940   ",,   
  2006-Aug,08/04 ,"5,144   ",08/11 ,"5,150   ",08/18 ,"5,087   ",08/25 ,"5,099   ",,   
  2006-Sep,09/01 ,"5,101   ",09/08 ,"5,076   ",09/15 ,"5,109   ",09/22 ,"5,106   ",09/29 ,"5,151   "
  2006-Oct,10/06 ,"5,253   ",10/13 ,"5,132   ",10/20 ,"5,221   ",10/27 ,"5,307   ",,   
  2006-Nov,11/03 ,"5,329   ",11/10 ,"5,326   ",11/17 ,"5,269   ",11/24 ,"5,030   ",,   
  2006-Dec,12/01 ,"5,368   ",12/08 ,"5,357   ",12/15 ,"5,348   ",12/22 ,"5,361   ",12/29 ,"5,369   "
  2007-Jan,01/05 ,"5,370   ",01/12 ,"5,317   ",01/19 ,"5,241   ",01/26 ,"5,224   ",,   
  2007-Feb,02/02 ,"5,283   ",02/09 ,"5,316   ",02/16 ,"5,323   ",02/23 ,"5,285   ",,   
  2007-Mar,03/02 ,"5,267   ",03/09 ,"5,218   ",03/16 ,"5,235   ",03/23 ,"5,218   ",03/30 ,"5,243   "
  2007-Apr,04/06 ,"5,179   ",04/13 ,"5,125   ",04/20 ,"5,128   ",04/27 ,"5,089   ",,   
  2007-May,05/04 ,"5,131   ",05/11 ,"5,201   ",05/18 ,"5,207   ",05/25 ,"5,148   ",,   
  2007-Jun,06/01 ,"5,180   ",06/08 ,"5,170   ",06/15 ,"5,093   ",06/22 ,"5,108   ",06/29 ,"5,122   "
  2007-Jul,07/06 ,"5,198   ",07/13 ,"5,201   ",07/20 ,"5,184   ",07/27 ,"5,206   ",,   
  2007-Aug,08/03 ,"5,142   ",08/10 ,"5,192   ",08/17 ,"5,119   ",08/24 ,"5,161   ",08/31 ,"5,021   "
  2007-Sep,09/07 ,"5,129   ",09/14 ,"5,039   ",09/21 ,"5,027   ",09/28 ,"5,064   ",,   
  2007-Oct,10/05 ,"5,059   ",10/12 ,"5,102   ",10/19 ,"5,122   ",10/26 ,"5,114   ",,   
  2007-Nov,11/02 ,"5,126   ",11/09 ,"5,134   ",11/16 ,"4,942   ",11/23 ,"5,117   ",11/30 ,"5,133   "
  2007-Dec,12/07 ,"5,117   ",12/14 ,"5,110   ",12/21 ,"5,117   ",12/28 ,"5,078   ",,   
  2008-Jan,01/04 ,"5,051   ",01/11 ,"5,013   ",01/18 ,"5,042   ",01/25 ,"4,998   ",,   
  2008-Feb,02/01 ,"5,013   ",02/08 ,"5,044   ",02/15 ,"5,034   ",02/22 ,"5,044   ",02/29 ,"5,050   "
  2008-Mar,03/07 ,"5,100   ",03/14 ,"5,100   ",03/21 ,"5,103   ",03/28 ,"5,087   ",,   
  2008-Apr,04/04 ,"5,097   ",04/11 ,"5,096   ",04/18 ,"5,101   ",04/25 ,"5,098   ",,   
  2008-May,05/02 ,"5,099   ",05/09 ,"5,128   ",05/16 ,"5,045   ",05/23 ,"5,128   ",05/30 ,"5,139   "
  2008-Jun,06/06 ,"5,114   ",06/13 ,"5,145   ",06/20 ,"5,120   ",06/27 ,"5,123   ",,   
  2008-Jul,07/04 ,"4,960   ",07/11 ,"5,139   ",07/18 ,"5,165   ",07/25 ,"5,160   ",,   
  2008-Aug,08/01 ,"5,172   ",08/08 ,"5,139   ",08/15 ,"5,078   ",08/22 ,"4,906   ",08/29 ,"5,097   "
  2008-Sep,09/05 ,"4,084   ",09/12 ,"3,988   ",09/19 ,"3,932   ",09/26 ,"3,839   ",,   
  2008-Oct,10/03 ,"4,422   ",10/10 ,"4,572   ",10/17 ,"4,630   ",10/24 ,"4,675   ",10/31 ,"4,776   "
  2008-Nov,11/07 ,"4,885   ",11/14 ,"4,943   ",11/21 ,"5,006   ",11/28 ,"5,118   ",,   
  2008-Dec,12/05 ,"5,152   ",12/12 ,"4,967   ",12/19 ,"4,972   ",12/26 ,"4,979   ",,   
  2009-Jan,01/02 ,"4,935   ",01/09 ,"4,917   ",01/16 ,"5,052   ",01/23 ,"5,045   ",01/30 ,"5,235   "
  2009-Feb,02/06 ,"5,327   ",02/13 ,"5,323   ",02/20 ,"5,300   ",02/27 ,"5,373   ",,   
  2009-Mar,03/06 ,"5,401   ",03/13 ,"5,414   ",03/20 ,"5,432   ",03/27 ,"5,480   ",,   
  2009-Apr,04/03 ,"5,469   ",04/10 ,"5,482   ",04/17 ,"5,421   ",04/24 ,"5,269   ",,   
  2009-May,05/01 ,"5,280   ",05/08 ,"5,306   ",05/15 ,"5,352   ",05/22 ,"5,364   ",05/29 ,"5,358   "
  2009-Jun,06/05 ,"5,358   ",06/12 ,"5,273   ",06/19 ,"5,257   ",06/26 ,"5,163   ",,   
  2009-Jul,07/03 ,"5,171   ",07/10 ,"5,171   ",07/17 ,"5,176   ",07/24 ,"5,107   ",07/31 ,"5,246   "
  2009-Aug,08/07 ,"5,172   ",08/14 ,"5,169   ",08/21 ,"5,173   ",08/28 ,"5,244   ",,   
  2009-Sep,09/04 ,"5,266   ",09/11 ,"5,304   ",09/18 ,"5,300   ",09/25 ,"5,375   ",,   
  2009-Oct,10/02 ,"5,360   ",10/09 ,"5,377   ",10/16 ,"5,371   ",10/23 ,"5,357   ",10/30 ,"5,391   "
  2009-Nov,11/06 ,"5,506   ",11/13 ,"5,317   ",11/20 ,"5,433   ",11/27 ,"5,561   ",,   
  2009-Dec,12/04 ,"5,538   ",12/11 ,"5,524   ",12/18 ,"5,524   ",12/25 ,"5,512   ",,   
  2010-Jan,01/01 ,"5,507   ",01/08 ,"5,496   ",01/15 ,"5,404   ",01/22 ,"5,421   ",01/29 ,"5,403   "
  2010-Feb,02/05 ,"5,475   ",02/12 ,"5,482   ",02/19 ,"5,505   ",02/26 ,"5,510   ",,   
  2010-Mar,03/05 ,"5,527   ",03/12 ,"5,540   ",03/19 ,"5,536   ",03/26 ,"5,489   ",,   
  2010-Apr,04/02 ,"5,473   ",04/09 ,"5,475   ",04/16 ,"5,466   ",04/23 ,"5,488   ",04/30 ,"5,522   "
  2010-May,05/07 ,"5,533   ",05/14 ,"5,516   ",05/21 ,"5,540   ",05/28 ,"5,320   ",,   
  2010-Jun,06/04 ,"5,445   ",06/11 ,"5,503   ",06/18 ,"5,501   ",06/25 ,"5,257   ",,   
  2010-Jul,07/02 ,"5,414   ",07/09 ,"5,352   ",07/16 ,"5,460   ",07/23 ,"5,486   ",07/30 ,"5,440   "
  2010-Aug,08/06 ,"5,239   ",08/13 ,"5,352   ",08/20 ,"5,511   ",08/27 ,"5,602   ",,   
  2010-Sep,09/03 ,"5,603   ",09/10 ,"5,573   ",09/17 ,"5,556   ",09/24 ,"5,562   ",,   
  2010-Oct,10/01 ,"5,514   ",10/08 ,"5,528   ",10/15 ,"5,536   ",10/22 ,"5,540   ",10/29 ,"5,593   "
  2010-Nov,11/05 ,"5,596   ",11/12 ,"5,597   ",11/19 ,"5,581   ",11/26 ,"5,555   ",,   
  2010-Dec,12/03 ,"5,582   ",12/10 ,"5,604   ",12/17 ,"5,598   ",12/24 ,"5,575   ",12/31 ,"5,598   "
  2011-Jan,01/07 ,"5,575   ",01/14 ,"5,205   ",01/21 ,"5,321   ",01/28 ,"5,568   ",,   
  2011-Feb,02/04 ,"5,597   ",02/11 ,"5,610   ",02/18 ,"5,604   ",02/25 ,"5,591   ",,   
  2011-Mar,03/04 ,"5,593   ",03/11 ,"5,591   ",03/18 ,"5,570   ",03/25 ,"5,568   ",,   
  2011-Apr,04/01 ,"5,638   ",04/08 ,"5,635   ",04/15 ,"5,625   ",04/22 ,"5,610   ",04/29 ,"5,623   "
  2011-May,05/06 ,"5,609   ",05/13 ,"5,618   ",05/20 ,"5,583   ",05/27 ,"5,609   ",,   
  2011-Jun,06/03 ,"5,633   ",06/10 ,"5,643   ",06/17 ,"5,650   ",06/24 ,"5,593   ",,   
  2011-Jul,07/01 ,"5,520   ",07/08 ,"5,578   ",07/15 ,"5,591   ",07/22 ,"5,377   ",07/29 ,"5,523   "
  2011-Aug,08/05 ,"5,529   ",08/12 ,"5,561   ",08/19 ,"5,591   ",08/26 ,"5,598   ",,   
  2011-Sep,09/02 ,"5,642   ",09/09 ,"5,083   ",09/16 ,"5,747   ",09/23 ,"5,756   ",09/30 ,"5,800   "
  2011-Oct,10/07 ,"5,878   ",10/14 ,"5,891   ",10/21 ,"5,876   ",10/28 ,"5,818   ",,   
  2011-Nov,11/04 ,"5,846   ",11/11 ,"5,894   ",11/18 ,"5,887   ",11/25 ,"5,864   ",,   
  2011-Dec,12/02 ,"5,861   ",12/09 ,"5,862   ",12/16 ,"5,862   ",12/23 ,"5,846   ",12/30 ,"5,851   "
  2012-Jan,01/06 ,"5,844   ",01/13 ,"5,726   ",01/20 ,"5,722   ",01/27 ,"5,720   ",,   
  2012-Feb,02/03 ,"5,763   ",02/10 ,"5,819   ",02/17 ,"5,817   ",02/24 ,"5,814   ",,   
  2012-Mar,03/02 ,"5,806   ",03/09 ,"5,830   ",03/16 ,"5,826   ",03/23 ,"5,821   ",03/30 ,"6,049   "
  2012-Apr,04/06 ,"6,040   ",04/13 ,"6,043   ",04/20 ,"6,113   ",04/27 ,"6,121   ",,   
  2012-May,05/04 ,"6,136   ",05/11 ,"6,149   ",05/18 ,"6,239   ",05/25 ,"6,227   ",,   
  2012-Jun,06/01 ,"6,245   ",06/08 ,"6,236   ",06/15 ,"6,353   ",06/22 ,"6,257   ",06/29 ,"6,094   "
  2012-Jul,07/06 ,"6,249   ",07/13 ,"6,245   ",07/20 ,"6,364   ",07/27 ,"6,320   ",,   
  2012-Aug,08/03 ,"6,218   ",08/10 ,"6,181   ",08/17 ,"6,246   ",08/24 ,"6,258   ",08/31 ,"5,486   "
  2012-Sep,09/07 ,"5,526   ",09/14 ,"6,277   ",09/21 ,"6,509   ",09/28 ,"6,520   ",,   
  2012-Oct,10/05 ,"6,598   ",10/12 ,"6,606   ",10/19 ,"6,610   ",10/26 ,"6,669   ",,   
  2012-Nov,11/02 ,"6,677   ",11/09 ,"6,709   ",11/16 ,"6,710   ",11/23 ,"6,818   ",11/30 ,"6,817   "
  2012-Dec,12/07 ,"6,852   ",12/14 ,"6,863   ",12/21 ,"6,984   ",12/28 ,"6,985   ",,   
  2013-Jan,01/04 ,"7,002   ",01/11 ,"7,041   ",01/18 ,"6,989   ",01/25 ,"6,993   ",,   
  2013-Feb,02/01 ,"6,997   ",02/08 ,"7,064   ",02/15 ,"7,118   ",02/22 ,"7,096   ",,   
  2013-Mar,03/01 ,"7,093   ",03/08 ,"7,159   ",03/15 ,"7,150   ",03/22 ,"7,151   ",03/29 ,"7,151   "
  2013-Apr,04/05 ,"7,181   ",04/12 ,"7,208   ",04/19 ,"7,326   ",04/26 ,"7,312   ",,   
  2013-May,05/03 ,"7,369   ",05/10 ,"7,321   ",05/17 ,"7,258   ",05/24 ,"7,292   ",05/31 ,"7,300   "
  2013-Jun,06/07 ,"7,224   ",06/14 ,"7,129   ",06/21 ,"7,261   ",06/28 ,"7,267   ",,   
  2013-Jul,07/05 ,"7,401   ",07/12 ,"7,490   ",07/19 ,"7,555   ",07/26 ,"7,542   ",,   
  2013-Aug,08/02 ,"7,560   ",08/09 ,"7,571   ",08/16 ,"7,518   ",08/23 ,"7,609   ",08/30 ,"7,621   "
  2013-Sep,09/06 ,"7,745   ",09/13 ,"7,827   ",09/20 ,"7,777   ",09/27 ,"7,784   ",,   
  2013-Oct,10/04 ,"7,809   ",10/11 ,"7,428   ",10/18 ,"7,896   ",10/25 ,"7,853   ",,   
  2013-Nov,11/01 ,"7,858   ",11/08 ,"7,981   ",11/15 ,"7,974   ",11/22 ,"8,019   ",11/29 ,"8,011   "
  2013-Dec,12/06 ,"8,075   ",12/13 ,"8,058   ",12/20 ,"8,111   ",12/27 ,"8,121   ",,   
  2014-Jan,01/03 ,"8,145   ",01/10 ,"8,159   ",01/17 ,"8,052   ",01/24 ,"8,044   ",01/31 ,"8,044   "
  2014-Feb,02/07 ,"8,132   ",02/14 ,"8,148   ",02/21 ,"8,059   ",02/28 ,"8,077   ",,   
  2014-Mar,03/07 ,"8,182   ",03/14 ,"8,215   ",03/21 ,"8,190   ",03/28 ,"8,192   ",,   
  2014-Apr,04/04 ,"8,229   ",04/11 ,"8,301   ",04/18 ,"8,360   ",04/25 ,"8,352   ",,   
  2014-May,05/02 ,"8,350   ",05/09 ,"8,428   ",05/16 ,"8,434   ",05/23 ,"8,472   ",05/30 ,"8,383   "
  2014-Jun,06/06 ,"8,460   ",06/13 ,"8,477   ",06/20 ,"8,446   ",06/27 ,"8,442   ",,   
  2014-Jul,07/04 ,"8,514   ",07/11 ,"8,592   ",07/18 ,"8,565   ",07/25 ,"8,443   ",,   
  2014-Aug,08/01 ,"8,453   ",08/08 ,"8,556   ",08/15 ,"8,577   ",08/22 ,"8,631   ",08/29 ,"8,630   "
  2014-Sep,09/05 ,"8,590   ",09/12 ,"8,838   ",09/19 ,"8,867   ",09/26 ,"8,837   ",,   
  2014-Oct,10/03 ,"8,875   ",10/10 ,"8,951   ",10/17 ,"8,934   ",10/24 ,"8,970   ",10/31 ,"8,972   "
  2014-Nov,11/07 ,"9,063   ",11/14 ,"9,004   ",11/21 ,"9,077   ",11/28 ,"9,083   ",,   
  2014-Dec,12/05 ,"9,118   ",12/12 ,"9,137   ",12/19 ,"9,127   ",12/26 ,"9,121   ",,   
  2015-Jan,01/02 ,"9,132   ",01/09 ,"9,192   ",01/16 ,"9,186   ",01/23 ,"9,213   ",01/30 ,"9,177   "
  2015-Feb,02/06 ,"9,226   ",02/13 ,"9,280   ",02/20 ,"9,285   ",02/27 ,"9,324   ",,   
  2015-Mar,03/06 ,"9,366   ",03/13 ,"9,419   ",03/20 ,"9,422   ",03/27 ,"9,386   ",,   
  2015-Apr,04/03 ,"9,404   ",04/10 ,"9,384   ",04/17 ,"9,366   ",04/24 ,"9,373   ",,   
  2015-May,05/01 ,"9,369   ",05/08 ,"9,374   ",05/15 ,"9,262   ",05/22 ,"9,566   ",05/29 ,"9,586   "
  2015-Jun,06/05 ,"9,610   ",06/12 ,"9,589   ",06/19 ,"9,604   ",06/26 ,"9,595   ",,   
  2015-Jul,07/03 ,"9,604   ",07/10 ,"9,562   ",07/17 ,"9,558   ",07/24 ,"9,413   ",07/31 ,"9,465   "
  2015-Aug,08/07 ,"9,395   ",08/14 ,"9,348   ",08/21 ,"9,337   ",08/28 ,"9,218   ",,   
  2015-Sep,09/04 ,"9,135   ",09/11 ,"9,117   ",09/18 ,"9,136   ",09/25 ,"9,096   ",,   
  2015-Oct,10/02 ,"9,172   ",10/09 ,"9,096   ",10/16 ,"9,096   ",10/23 ,"9,112   ",10/30 ,"9,160   "
  2015-Nov,11/06 ,"9,185   ",11/13 ,"9,182   ",11/20 ,"9,165   ",11/27 ,"9,202   ",,   
  2015-Dec,12/04 ,"9,164   ",12/11 ,"9,176   ",12/18 ,"9,179   ",12/25 ,"9,202   ",,   
  2016-Jan,01/01 ,"9,219   ",01/08 ,"9,227   ",01/15 ,"9,235   ",01/22 ,"9,221   ",01/29 ,"9,214   "
  2016-Feb,02/05 ,"9,186   ",02/12 ,"9,135   ",02/19 ,"9,102   ",02/26 ,"9,077   ",,   
  2016-Mar,03/04 ,"9,078   ",03/11 ,"9,068   ",03/18 ,"9,038   ",03/25 ,"9,022   ",,   
  2016-Apr,04/01 ,"9,008   ",04/08 ,"8,977   ",04/15 ,"8,953   ",04/22 ,"8,938   ",04/29 ,"8,825   "
  2016-May,05/06 ,"8,802   ",05/13 ,"8,791   ",05/20 ,"8,767   ",05/27 ,"8,735   ",,   
  2016-Jun,06/03 ,"8,745   ",06/10 ,"8,716   ",06/17 ,"8,677   ",06/24 ,"8,622   ",,   
  2016-Jul,07/01 ,"8,428   ",07/08 ,"8,485   ",07/15 ,"8,494   ",07/22 ,"8,515   ",07/29 ,"8,460   "
  2016-Aug,08/05 ,"8,445   ",08/12 ,"8,597   ",08/19 ,"8,548   ",08/26 ,"8,488   ",,   
  2016-Sep,09/02 ,"8,458   ",09/09 ,"8,493   ",09/16 ,"8,512   ",09/23 ,"8,497   ",09/30 ,"8,467   "
  2016-Oct,10/07 ,"8,450   ",10/14 ,"8,464   ",10/21 ,"8,504   ",10/28 ,"8,522   ",,   
  2016-Nov,11/04 ,"8,692   ",11/11 ,"8,681   ",11/18 ,"8,690   ",11/25 ,"8,699   ",,   
  2016-Dec,12/02 ,"8,697   ",12/09 ,"8,796   ",12/16 ,"8,786   ",12/23 ,"8,766   ",12/30 ,"8,770   "
  2017-Jan,01/06 ,"8,946   ",01/13 ,"8,944   ",01/20 ,"8,961   ",01/27 ,"8,915   ",,   
  2017-Feb,02/03 ,"8,978   ",02/10 ,"8,977   ",02/17 ,"9,001   ",02/24 ,"9,032   ",,   
  2017-Mar,03/03 ,"9,088   ",03/10 ,"9,109   ",03/17 ,"9,129   ",03/24 ,"9,147   ",03/31 ,"9,199   "
  2017-Apr,04/07 ,"9,235   ",04/14 ,"9,252   ",04/21 ,"9,265   ",04/28 ,"9,293   ",,   
  2017-May,05/05 ,"9,314   ",05/12 ,"9,305   ",05/19 ,"9,320   ",05/26 ,"9,342   ",,   
  2017-Jun,06/02 ,"9,318   ",06/09 ,"9,330   ",06/16 ,"9,350   ",06/23 ,"9,250   ",06/30 ,"9,338   "
  2017-Jul,07/07 ,"9,397   ",07/14 ,"9,429   ",07/21 ,"9,410   ",07/28 ,"9,430   ",,   
  2017-Aug,08/04 ,"9,423   ",08/11 ,"9,502   ",08/18 ,"9,528   ",08/25 ,"9,530   ",,   
  2017-Sep,09/01 ,"8,781   ",09/08 ,"9,353   ",09/15 ,"9,510   ",09/22 ,"9,547   ",09/29 ,"9,561   "
  2017-Oct,10/06 ,"9,480   ",10/13 ,"8,406   ",10/20 ,"9,507   ",10/27 ,"9,553   ",,   
  2017-Nov,11/03 ,"9,620   ",11/10 ,"9,645   ",11/17 ,"9,658   ",11/24 ,"9,682   ",,   
  2017-Dec,12/01 ,"9,707   ",12/08 ,"9,780   ",12/15 ,"9,789   ",12/22 ,"9,754   ",12/29 ,"9,782   "
  2018-Jan,01/05 ,"9,492   ",01/12 ,"9,750   ",01/19 ,"9,878   ",01/26 ,"9,919   ",,   
  2018-Feb,02/02 ,"10,251   ",02/09 ,"10,271   ",02/16 ,"10,270   ",02/23 ,"10,283   ",,   
  2018-Mar,03/02 ,"10,369   ",03/09 ,"10,381   ",03/16 ,"10,407   ",03/23 ,"10,433   ",03/30 ,"10,460   "
  2018-Apr,04/06 ,"10,525   ",04/13 ,"10,540   ",04/20 ,"10,586   ",04/27 ,"10,619   ",,   
  2018-May,05/04 ,"10,703   ",05/11 ,"10,723   ",05/18 ,"10,725   ",05/25 ,"10,769   ",,   
  2018-Jun,06/01 ,"10,800   ",06/08 ,"10,900   ",06/15 ,"10,900   ",06/22 ,"10,900   ",06/29 ,"10,900   "
  2018-Jul,07/06 ,"10,900   ",07/13 ,"11,000   ",07/20 ,"11,000   ",07/27 ,"10,900   ",,   
  2018-Aug,08/03 ,"10,800   ",08/10 ,"10,900   ",08/17 ,"11,000   ",08/24 ,"11,000   ",08/31 ,"11,000   "
  2018-Sep,09/07 ,"10,900   ",09/14 ,"11,000   ",09/21 ,"11,100   ",09/28 ,"11,100   ",,   
  2018-Oct,10/05 ,"11,200   ",10/12 ,"10,900   ",10/19 ,"10,900   ",10/26 ,"11,200   ",,   
  2018-Nov,11/02 ,"11,600   ",11/09 ,"11,700   ",11/16 ,"11,700   ",11/23 ,"11,700   ",11/30 ,"11,700   "
  2018-Dec,12/07 ,"11,600   ",12/14 ,"11,600   ",12/21 ,"11,700   ",12/28 ,"11,700   ",,   
  2019-Jan,01/04 ,"11,700   ",01/11 ,"11,900   ",01/18 ,"11,900   ",01/25 ,"11,900   ",,   
  2019-Feb,02/01 ,"11,900   ",02/08 ,"11,900   ",02/15 ,"12,000   ",02/22 ,"12,100   ",,   
  2019-Mar,03/01 ,"12,100   ",03/08 ,"12,000   ",03/15 ,"12,100   ",03/22 ,"12,100   ",03/29 ,"12,200   "
  2019-Apr,04/05 ,"12,200   ",04/12 ,"12,100   ",04/19 ,"12,200   ",04/26 ,"12,300   ",,   
  2019-May,05/03 ,"12,200   ",05/10 ,"12,100   ",05/17 ,"12,200   ",05/24 ,"12,300   ",05/31 ,"12,400   "
  2019-Jun,06/07 ,"12,300   ",06/14 ,"12,200   ",06/21 ,"12,100   ",06/28 ,"12,200   ",,   
  2019-Jul,07/05 ,"12,300   ",07/12 ,"12,000   ",07/19 ,"11,300   ",07/26 ,"12,200   ",,   
  2019-Aug,08/02 ,"12,300   ",08/09 ,"12,300   ",08/16 ,"12,300   ",08/23 ,"12,500   ",08/30 ,"12,400   "
  2019-Sep,09/06 ,"12,400   ",09/13 ,"12,400   ",09/20 ,"12,500   ",09/27 ,"12,400   ",,   
  2019-Oct,10/04 ,"12,600   ",10/11 ,"12,600   ",10/18 ,"12,600   ",10/25 ,"12,600   ",,   
  2019-Nov,11/01 ,"12,600   ",11/08 ,"12,800   ",11/15 ,"12,800   ",11/22 ,"12,900   ",11/29 ,"12,900   "
  2019-Dec,12/06 ,"12,800   ",12/13 ,"12,800   ",12/20 ,"12,900   ",12/27 ,"12,900   ",,   
  2020-Jan,01/03 ,"12,900   ",01/10 ,"13,000   ",01/17 ,"13,000   ",01/24 ,"13,000   ",01/31 ,"12,900   "
  2020-Feb,02/07 ,"13,000   ",02/14 ,"13,000   ",02/21 ,"13,000   ",02/28 ,"13,100   ",,   
  2020-Mar,03/06 ,"13,000   ",03/13 ,"13,100   ",03/20 ,"13,000   ",03/27 ,"13,000   ",,   
  2020-Apr,04/03 ,"12,400   ",04/10 ,"12,300   ",04/17 ,"12,200   ",04/24 ,"12,100   ",,   
  2020-May,05/01 ,"11,900   ",05/08 ,"11,600   ",05/15 ,"11,500   ",05/22 ,"11,400   ",05/29 ,"11,200   "
  2020-Jun,06/05 ,"11,100   ",06/12 ,"10,500   ",06/19 ,"11,000   ",06/26 ,"11,000   ",,   
  2020-Jul,07/03 ,"11,000   ",07/10 ,"11,000   ",07/17 ,"11,100   ",07/24 ,"11,100   ",07/31 ,"11,000   "
  2020-Aug,08/07 ,"10,700   ",08/14 ,"10,700   ",08/21 ,"10,800   ",08/28 ,"9,700   ",,
  2020-Sep,09/04 ,"10,000   ",09/11 ,"10,900   ",09/18 ,"10,700   ",09/25 ,"10,700   ",,   
  2020-Oct,10/02 ,"11,000   ",10/09 ,"10,500   ",10/16 ,"9,900   ",10/23 ,"11,100   ",10/30 ,"10,500   "
  2020-Nov,11/06 ,"10,500   ",11/13 ,"10,900   ",11/20 ,"11,000   ",11/27 ,"11,100   ",,   
  2020-Dec,12/04 ,"11,100   ",12/11 ,"11,000   ",12/18 ,"11,000   ",12/25 ,"11,000   ",,   
  2021-Jan,01/01 ,"11,000   ",01/08 ,"11,000   ",01/15 ,"11,000   ",01/22 ,"10,900   ",01/29 ,"10,900   "
  2021-Feb,02/05 ,"11,000   ",02/12 ,"10,800   ",,   ,,   ,,   
